<?xml version="1.0" encoding="utf-8"?>
<extension type="module" client="site" method="upgrade">
    <name>JS Like Box Slider</name>
    <author>Jakub Skowroński</author>
    <creationDate>2013-07-15</creationDate>
    <copyright>Copyright (C) 2013 - https://jakubskowronski.com All rights reserved.</copyright>
    <license>GPL 2.0</license>
    <authorEmail>kontakt@jakubskowronski.com</authorEmail>
    <authorUrl>https://jakubskowronski.com</authorUrl>
    <version>7.1.0</version>
    <description>
        <![CDATA[<div><a href="https://jsns.eu/extensions/joomla/js-like-box-slider" target="_blank"><img style="display: block; max-width: 600px; margin-left: auto; margin-right: auto;" src="https://jsns.eu/images/pricing.png" alt=""></a></div><br><br><br><br>
        <h3>Troubleshooting</h3>
        <div>1. What is the best position for the module?</div><ul><li>The best positions: debug or footer</li></ul>
        <div>2. How can I find my social channel ID?</div><ul><li>Look at the Documentation here: <a href="https://github.com/Frostbourn/js-facebook-likebox-slider/" target="_blank" rel="alternate">CLICK</a></li></ul>
        <div>3. If you want to hide one of the tabs just leave empty the specific ID field</div>
        ]]>
    </description>
    <namespace>Joomla\Module\JsLikeBoxSlider</namespace>
    <files>
        <filename module="mod_facebook_slide_likebox">mod_facebook_slide_likebox.php</filename>
        <filename>tmpl/default.php</filename>
        <filename>tmpl/css/style.min.css</filename>
        <filename>mod_facebook_slide_likebox.xml</filename>
    </files>
    <updateservers>
        <server type="extension" priority="1" name="JS Like Box Slider">https://jakubskowronski.com/joomla/mod_facebook_slide_likebox/update.xml</server>
    </updateservers>
    <config>
        <fields name="params">
            <fieldset name="basic">
                <field name="show_on_mobile" type="radio" class="btn-group" default="1" label="Show on mobile devices" description="">
                    <option value="1">Yes</option>
                    <option value="0">No</option>
                </field>
                <field name="position" type="list" default="0" label="Position" description="">
                    <option value="1">Left</option>
                    <option value="0">Right</option>
                </field>
                <field name="buttons_shape" type="radio" class="btn-group" default="0" label="Rounded buttons" description="Increase border-radius">
                    <option value="1">Yes</option>
                    <option value="0">No</option>
                </field>
                <field type="spacer" name="faspacer" label="&lt;i&gt;Set to YES if icons are missing.&lt;/i&gt;" />
                <field name="fa_cdn" type="radio" class="btn-group" default="1" label="FontAwesome CDN" description="Load FontAwesome 5 library if icons are missing">
                    <option value="1">Yes</option>
                    <option value="0">No</option>
                </field>
                <field name="margin_top" type="text" default="10%" label="Margin top" description="Margin top"/>
                <field type="spacer" name="fbspacer" label="&lt;i&gt;Get numerical Facebook ID here: https://lookup-id.com&lt;/i&gt;" />
                <field name="facebook_login" type="text" label="Facebook ID" description="Numerical Facebook ID in eg: 2588865"/>
                <field type="spacer" name="twspacer" label="&lt;i&gt;Twitter ID is what comes after the www.twitter.com/ not the whoule URL.&lt;/i&gt;" />
                <field name="twitter_login" type="text" label="Twitter ID" description="Twitter ID in eg: twitter"/>
            </fieldset>
        </fields>
    </config>
</extension>
